<?xml version="1.0"?>
<!DOCTYPE urlrewrite PUBLIC "-//tuckey.org//DTD UrlRewrite 2.6//EN" "http://tuckey.org/res/dtds/urlrewrite2.6.dtd">

<urlrewrite>
	<rule>
		<from>^/api/webdav(.*)</from>
		<to type="redirect">/webdav$1</to>
	</rule>
	<rule>
		<from>(.*)/blog/blogs/rss(.*)</from>
		<to type="permanent-redirect">$1/blog/-/blogs/rss$2</to>
	</rule>
	<rule>
		<from>(.*)/-/blogs/rss\?&amp;(.*)</from>
		<to type="permanent-redirect">$1/-/blogs/rss\?$2</to>
	</rule>
	<rule>
		<from>^/c/journal/view_article_content\?groupId=14&amp;articleId=155291$</from>
		<to type="permanent-redirect">/web/guest/home/-/journal/rss/14/news</to>
	</rule>
	<rule>
		<from>(.*)/tunnel-web(.*)</from>
		<to type="permanent-redirect">$1/api$2</to>
	</rule>
	<rule>
		<from>^/web/guest/community/forums/message_boards(.*)$</from>
		<to type="permanent-redirect">/web/guest/community/forums/-/message_boards$1</to>
	</rule>
	<rule>
		<from>^/web/guest/home/journal/rss/14/news$</from>
		<to type="permanent-redirect">/web/guest/home/-/journal/rss/14/news</to>
	</rule>
</urlrewrite>