<?xml version="1.0"?>

<custom-sql>
	<sql id="com.liferay.portlet.shopping.service.persistence.ShoppingItemFinder.countByG_C">
		<![CDATA[
			SELECT
				COUNT(DISTINCT ShoppingItem.itemId) AS COUNT_VALUE
			FROM
				ShoppingItem
			WHERE
				(ShoppingItem.groupId = ?) AND
				[$CATEGORY_ID$]
		]]>
	</sql>
	<sql id="com.liferay.portlet.shopping.service.persistence.ShoppingCouponFinder.countByG_C_C_A_DT">
		<![CDATA[
			SELECT
				COUNT(*) AS COUNT_VALUE
			FROM
				ShoppingCoupon
			WHERE
				(groupId = ?) AND
				(ShoppingCoupon.companyId = ?) AND
				(
					(code_ LIKE ? [$AND_OR_NULL_CHECK$]) [$AND_OR_CONNECTOR$]
					(active_ = ?) [$AND_OR_CONNECTOR$]
					(discountType = ? [$AND_OR_NULL_CHECK$])
				)
		]]>
	</sql>
	<sql id="com.liferay.portlet.shopping.service.persistence.ShoppingOrderFinder.countByG_C_U_N_PPPS">
		<![CDATA[
			SELECT
				COUNT(*) AS COUNT_VALUE
			FROM
				ShoppingOrder
			WHERE
				(groupId = ?) AND
				(ShoppingOrder.companyId = ?) AND
				(userId = ?) AND
				(
					(number_ LIKE ? [$AND_OR_NULL_CHECK$]) [$AND_OR_CONNECTOR$]
					(billingFirstName LIKE ? [$AND_OR_NULL_CHECK$]) [$AND_OR_CONNECTOR$]
					(billingLastName LIKE ? [$AND_OR_NULL_CHECK$]) [$AND_OR_CONNECTOR$]
					(billingEmailAddress LIKE ? [$AND_OR_NULL_CHECK$]) [$AND_OR_CONNECTOR$]
					(shippingFirstName LIKE ? [$AND_OR_NULL_CHECK$]) [$AND_OR_CONNECTOR$]
					(shippingLastName LIKE ? [$AND_OR_NULL_CHECK$]) [$AND_OR_CONNECTOR$]
					(shippingEmailAddress LIKE ? [$AND_OR_NULL_CHECK$]) [$AND_OR_CONNECTOR$]
					(ppPaymentStatus = ?)
				)
		]]>
	</sql>
	<sql id="com.liferay.portlet.shopping.service.persistence.ShoppingCouponFinder.findByG_C_C_A_DT">
		<![CDATA[
			SELECT
				{ShoppingCoupon.*}
			FROM
				ShoppingCoupon
			WHERE
				(groupId = ?) AND
				(ShoppingCoupon.companyId = ?) AND
				(
					(code_ LIKE ? [$AND_OR_NULL_CHECK$]) [$AND_OR_CONNECTOR$]
					(active_ = ?) [$AND_OR_CONNECTOR$]
					(discountType = ? [$AND_OR_NULL_CHECK$])
				)
			ORDER BY
				createDate ASC
		]]>
	</sql>
	<sql id="com.liferay.portlet.shopping.service.persistence.ShoppingOrderFinder.findByG_C_U_N_PPPS">
		<![CDATA[
			SELECT
				{ShoppingOrder.*}
			FROM
				ShoppingOrder
			WHERE
				(groupId = ?) AND
				(ShoppingOrder.companyId = ?) AND
				(userId = ?) AND
				(
					(number_ LIKE ? [$AND_OR_NULL_CHECK$]) [$AND_OR_CONNECTOR$]
					(billingFirstName LIKE ? [$AND_OR_NULL_CHECK$]) [$AND_OR_CONNECTOR$]
					(billingLastName LIKE ? [$AND_OR_NULL_CHECK$]) [$AND_OR_CONNECTOR$]
					(billingEmailAddress LIKE ? [$AND_OR_NULL_CHECK$]) [$AND_OR_CONNECTOR$]
					(shippingFirstName LIKE ? [$AND_OR_NULL_CHECK$]) [$AND_OR_CONNECTOR$]
					(shippingLastName LIKE ? [$AND_OR_NULL_CHECK$]) [$AND_OR_CONNECTOR$]
					(shippingEmailAddress LIKE ? [$AND_OR_NULL_CHECK$]) [$AND_OR_CONNECTOR$]
					(ppPaymentStatus = ?)
				)
			ORDER BY
				createDate ASC
		]]>
	</sql>
</custom-sql>