<?xml version="1.0" encoding="UTF-8" standalone="no"?><plugin-dependencies><plugin-dependency auto="true" name="util-bridges.jar"><plugin-path>WEB-INF/lib/util-bridges.jar</plugin-path><portal-path>WAR_PATH/WEB-INF/lib/portal-impl.jar/com/liferay/portal/deploy/dependencies/util-bridges.jar</portal-path></plugin-dependency><plugin-dependency auto="true" name="util-taglib.jar"><plugin-path>WEB-INF/lib/util-taglib.jar</plugin-path><portal-path>WAR_PATH/WEB-INF/lib/portal-impl.jar/com/liferay/portal/deploy/dependencies/util-taglib.jar</portal-path></plugin-dependency><plugin-dependency auto="true" name="util-java.jar"><plugin-path>WEB-INF/lib/util-java.jar</plugin-path><portal-path>WAR_PATH/WEB-INF/lib/portal-impl.jar/com/liferay/portal/deploy/dependencies/util-java.jar</portal-path></plugin-dependency></plugin-dependencies>