<?xml version="1.0"?>
<!DOCTYPE resource-action-mapping PUBLIC "-//Liferay//DTD Resource Action Mapping 6.2.0//EN" "http://www.liferay.com/dtd/liferay-resource-action-mapping_6_2_0.dtd">

<resource-action-mapping>
	<portlet-resource>
		<portlet-name>2</portlet-name>
		<permissions>
			<supports>
				<action-key>ACCESS_IN_CONTROL_PANEL</action-key>
				<action-key>CONFIGURATION</action-key>
				<action-key>VIEW</action-key>
			</supports>
			<site-member-defaults />
			<guest-defaults />
			<guest-unsupported>
				<action-key>ACCESS_IN_CONTROL_PANEL</action-key>
				<action-key>CONFIGURATION</action-key>
				<action-key>VIEW</action-key>
			</guest-unsupported>
		</permissions>
	</portlet-resource>
	<portlet-resource>
		<portlet-name>11</portlet-name>
		<permissions>
			<supports>
				<action-key>ADD_TO_PAGE</action-key>
				<action-key>CONFIGURATION</action-key>
				<action-key>VIEW</action-key>
			</supports>
			<site-member-defaults />
			<guest-defaults />
			<guest-unsupported>
				<action-key>CONFIGURATION</action-key>
			</guest-unsupported>
		</permissions>
	</portlet-resource>
	<portlet-resource>
		<portlet-name>90</portlet-name>
		<permissions>
			<supports>
				<action-key>ADD_COMMUNITY</action-key>
				<action-key>ADD_GENERAL_ANNOUNCEMENTS</action-key>
				<action-key>ADD_LAYOUT_PROTOTYPE</action-key>
				<action-key>ADD_LAYOUT_SET_PROTOTYPE</action-key>
				<action-key>ADD_LICENSE</action-key>
				<action-key>ADD_ORGANIZATION</action-key>
				<action-key>ADD_PASSWORD_POLICY</action-key>
				<action-key>ADD_ROLE</action-key>
				<action-key>ADD_USER</action-key>
				<action-key>ADD_USER_GROUP</action-key>
				<action-key>CONFIGURATION</action-key>
				<action-key>EXPORT_USER</action-key>
				<action-key>IMPERSONATE</action-key>
				<action-key>UNLINK_LAYOUT_SET_PROTOTYPE</action-key>
				<action-key>VIEW_CONTROL_PANEL</action-key>
			</supports>
			<site-member-defaults />
			<guest-defaults />
			<guest-unsupported />
		</permissions>
	</portlet-resource>
	<portlet-resource>
		<portlet-name>125</portlet-name>
		<permissions>
			<supports>
				<action-key>ACCESS_IN_CONTROL_PANEL</action-key>
				<action-key>CONFIGURATION</action-key>
				<action-key>EXPORT_USER</action-key>
				<action-key>VIEW</action-key>
			</supports>
			<site-member-defaults>
				<action-key>VIEW</action-key>
			</site-member-defaults>
			<guest-defaults>
				<action-key>VIEW</action-key>
			</guest-defaults>
			<guest-unsupported>
				<action-key>ACCESS_IN_CONTROL_PANEL</action-key>
				<action-key>CONFIGURATION</action-key>
			</guest-unsupported>
		</permissions>
	</portlet-resource>
	<portlet-resource>
		<portlet-name>128</portlet-name>
		<permissions>
			<supports>
				<action-key>ACCESS_IN_CONTROL_PANEL</action-key>
				<action-key>CONFIGURATION</action-key>
				<action-key>VIEW</action-key>
			</supports>
			<site-member-defaults>
				<action-key>VIEW</action-key>
			</site-member-defaults>
			<guest-defaults>
				<action-key>VIEW</action-key>
			</guest-defaults>
			<guest-unsupported>
				<action-key>ACCESS_IN_CONTROL_PANEL</action-key>
				<action-key>CONFIGURATION</action-key>
			</guest-unsupported>
		</permissions>
	</portlet-resource>
	<portlet-resource>
		<portlet-name>129</portlet-name>
		<permissions>
			<supports>
				<action-key>ACCESS_IN_CONTROL_PANEL</action-key>
				<action-key>CONFIGURATION</action-key>
				<action-key>VIEW</action-key>
			</supports>
			<site-member-defaults>
				<action-key>VIEW</action-key>
			</site-member-defaults>
			<guest-defaults>
				<action-key>VIEW</action-key>
			</guest-defaults>
			<guest-unsupported>
				<action-key>ACCESS_IN_CONTROL_PANEL</action-key>
				<action-key>CONFIGURATION</action-key>
			</guest-unsupported>
		</permissions>
	</portlet-resource>
	<portlet-resource>
		<portlet-name>130</portlet-name>
		<permissions>
			<supports>
				<action-key>ACCESS_IN_CONTROL_PANEL</action-key>
				<action-key>CONFIGURATION</action-key>
				<action-key>VIEW</action-key>
			</supports>
			<site-member-defaults>
				<action-key>VIEW</action-key>
			</site-member-defaults>
			<guest-defaults>
				<action-key>VIEW</action-key>
			</guest-defaults>
			<guest-unsupported>
				<action-key>ACCESS_IN_CONTROL_PANEL</action-key>
				<action-key>CONFIGURATION</action-key>
			</guest-unsupported>
		</permissions>
	</portlet-resource>
	<portlet-resource>
		<portlet-name>131</portlet-name>
		<permissions>
			<supports>
				<action-key>ACCESS_IN_CONTROL_PANEL</action-key>
				<action-key>CONFIGURATION</action-key>
				<action-key>VIEW</action-key>
			</supports>
			<site-member-defaults>
				<action-key>VIEW</action-key>
			</site-member-defaults>
			<guest-defaults>
				<action-key>VIEW</action-key>
			</guest-defaults>
			<guest-unsupported>
				<action-key>ACCESS_IN_CONTROL_PANEL</action-key>
				<action-key>CONFIGURATION</action-key>
			</guest-unsupported>
		</permissions>
	</portlet-resource>
	<portlet-resource>
		<portlet-name>132</portlet-name>
		<permissions>
			<supports>
				<action-key>ACCESS_IN_CONTROL_PANEL</action-key>
				<action-key>CONFIGURATION</action-key>
				<action-key>VIEW</action-key>
			</supports>
			<site-member-defaults>
				<action-key>VIEW</action-key>
			</site-member-defaults>
			<guest-defaults>
				<action-key>VIEW</action-key>
			</guest-defaults>
			<guest-unsupported>
				<action-key>ACCESS_IN_CONTROL_PANEL</action-key>
				<action-key>CONFIGURATION</action-key>
			</guest-unsupported>
		</permissions>
	</portlet-resource>
	<portlet-resource>
		<portlet-name>134</portlet-name>
		<permissions>
			<supports>
				<action-key>ACCESS_IN_CONTROL_PANEL</action-key>
				<action-key>CONFIGURATION</action-key>
				<action-key>VIEW</action-key>
			</supports>
			<site-member-defaults>
				<action-key>VIEW</action-key>
			</site-member-defaults>
			<guest-defaults>
				<action-key>VIEW</action-key>
			</guest-defaults>
			<guest-unsupported>
				<action-key>ACCESS_IN_CONTROL_PANEL</action-key>
				<action-key>CONFIGURATION</action-key>
			</guest-unsupported>
		</permissions>
	</portlet-resource>
	<portlet-resource>
		<portlet-name>135</portlet-name>
		<permissions>
			<supports>
				<action-key>ACCESS_IN_CONTROL_PANEL</action-key>
				<action-key>CONFIGURATION</action-key>
				<action-key>VIEW</action-key>
			</supports>
			<site-member-defaults>
				<action-key>VIEW</action-key>
			</site-member-defaults>
			<guest-defaults>
				<action-key>VIEW</action-key>
			</guest-defaults>
			<guest-unsupported>
				<action-key>ACCESS_IN_CONTROL_PANEL</action-key>
				<action-key>CONFIGURATION</action-key>
			</guest-unsupported>
		</permissions>
	</portlet-resource>
	<portlet-resource>
		<portlet-name>136</portlet-name>
		<permissions>
			<supports>
				<action-key>ACCESS_IN_CONTROL_PANEL</action-key>
				<action-key>CONFIGURATION</action-key>
				<action-key>VIEW</action-key>
			</supports>
			<site-member-defaults>
				<action-key>VIEW</action-key>
			</site-member-defaults>
			<guest-defaults>
				<action-key>VIEW</action-key>
			</guest-defaults>
			<guest-unsupported>
				<action-key>ACCESS_IN_CONTROL_PANEL</action-key>
				<action-key>CONFIGURATION</action-key>
			</guest-unsupported>
		</permissions>
	</portlet-resource>
	<portlet-resource>
		<portlet-name>137</portlet-name>
		<permissions>
			<supports>
				<action-key>ACCESS_IN_CONTROL_PANEL</action-key>
				<action-key>CONFIGURATION</action-key>
				<action-key>VIEW</action-key>
			</supports>
			<site-member-defaults>
				<action-key>VIEW</action-key>
			</site-member-defaults>
			<guest-defaults>
				<action-key>VIEW</action-key>
			</guest-defaults>
			<guest-unsupported>
				<action-key>ACCESS_IN_CONTROL_PANEL</action-key>
				<action-key>CONFIGURATION</action-key>
			</guest-unsupported>
		</permissions>
	</portlet-resource>
	<portlet-resource>
		<portlet-name>140</portlet-name>
		<permissions>
			<supports>
				<action-key>ACCESS_IN_CONTROL_PANEL</action-key>
				<action-key>CONFIGURATION</action-key>
				<action-key>VIEW</action-key>
			</supports>
			<site-member-defaults />
			<guest-defaults />
			<guest-unsupported>
				<action-key>ACCESS_IN_CONTROL_PANEL</action-key>
				<action-key>CONFIGURATION</action-key>
				<action-key>VIEW</action-key>
			</guest-unsupported>
		</permissions>
	</portlet-resource>
	<portlet-resource>
		<portlet-name>146</portlet-name>
		<permissions>
			<supports>
				<action-key>ACCESS_IN_CONTROL_PANEL</action-key>
				<action-key>CONFIGURATION</action-key>
				<action-key>VIEW</action-key>
			</supports>
			<site-member-defaults>
				<action-key>VIEW</action-key>
			</site-member-defaults>
			<guest-defaults>
				<action-key>VIEW</action-key>
			</guest-defaults>
			<guest-unsupported>
				<action-key>ACCESS_IN_CONTROL_PANEL</action-key>
				<action-key>CONFIGURATION</action-key>
			</guest-unsupported>
		</permissions>
	</portlet-resource>
	<portlet-resource>
		<portlet-name>149</portlet-name>
		<permissions>
			<supports>
				<action-key>ACCESS_IN_CONTROL_PANEL</action-key>
				<action-key>CONFIGURATION</action-key>
				<action-key>VIEW</action-key>
			</supports>
			<site-member-defaults>
				<action-key>VIEW</action-key>
			</site-member-defaults>
			<guest-defaults>
				<action-key>VIEW</action-key>
			</guest-defaults>
			<guest-unsupported>
				<action-key>ACCESS_IN_CONTROL_PANEL</action-key>
				<action-key>CONFIGURATION</action-key>
			</guest-unsupported>
		</permissions>
	</portlet-resource>
	<portlet-resource>
		<portlet-name>186</portlet-name>
		<permissions>
			<supports>
				<action-key>ADD_TO_PAGE</action-key>
				<action-key>CONFIGURATION</action-key>
				<action-key>VIEW</action-key>
			</supports>
			<site-member-defaults />
			<guest-defaults />
			<guest-unsupported>
				<action-key>CONFIGURATION</action-key>
				<action-key>VIEW</action-key>
			</guest-unsupported>
		</permissions>
	</portlet-resource>
	<portlet-resource>
		<portlet-name>187</portlet-name>
		<permissions>
			<supports>
				<action-key>ADD_TO_PAGE</action-key>
				<action-key>CONFIGURATION</action-key>
				<action-key>VIEW</action-key>
			</supports>
			<site-member-defaults />
			<guest-defaults />
			<guest-unsupported>
				<action-key>CONFIGURATION</action-key>
			</guest-unsupported>
		</permissions>
	</portlet-resource>
	<portlet-resource>
		<portlet-name>188</portlet-name>
		<permissions>
			<supports>
				<action-key>ADD_TO_PAGE</action-key>
				<action-key>CONFIGURATION</action-key>
				<action-key>VIEW</action-key>
			</supports>
			<site-member-defaults />
			<guest-defaults />
			<guest-unsupported>
				<action-key>CONFIGURATION</action-key>
				<action-key>VIEW</action-key>
			</guest-unsupported>
		</permissions>
	</portlet-resource>
	<model-resource>
		<model-name>com.liferay.portal.model.Group</model-name>
		<portlet-ref>
			<portlet-name>134</portlet-name>
			<portlet-name>156</portlet-name>
			<portlet-name>165</portlet-name>
			<portlet-name>174</portlet-name>
		</portlet-ref>
		<weight>1</weight>
		<permissions>
			<supports>
				<action-key>ADD_COMMUNITY</action-key>
				<action-key>ADD_LAYOUT</action-key>
				<action-key>ADD_LAYOUT_BRANCH</action-key>
				<action-key>ADD_LAYOUT_SET_BRANCH</action-key>
				<action-key>ASSIGN_MEMBERS</action-key>
				<action-key>ASSIGN_USER_ROLES</action-key>
				<action-key>CONFIGURE_PORTLETS</action-key>
				<action-key>DELETE</action-key>
				<action-key>EXPORT_IMPORT_LAYOUTS</action-key>
				<action-key>EXPORT_IMPORT_PORTLET_INFO</action-key>
				<action-key>MANAGE_ANNOUNCEMENTS</action-key>
				<action-key>MANAGE_ARCHIVED_SETUPS</action-key>
				<action-key>MANAGE_LAYOUTS</action-key>
				<action-key>MANAGE_STAGING</action-key>
				<action-key>MANAGE_SUBGROUPS</action-key>
				<action-key>MANAGE_TEAMS</action-key>
				<action-key>PERMISSIONS</action-key>
				<action-key>PREVIEW_IN_DEVICE</action-key>
				<action-key>PUBLISH_STAGING</action-key>
				<action-key>PUBLISH_TO_REMOTE</action-key>
				<action-key>UPDATE</action-key>
				<action-key>VIEW</action-key>
				<action-key>VIEW_MEMBERS</action-key>
				<action-key>VIEW_SITE_ADMINISTRATION</action-key>
				<action-key>VIEW_STAGING</action-key>
			</supports>
			<site-member-defaults />
			<guest-defaults />
			<guest-unsupported>
				<action-key>ADD_COMMUNITY</action-key>
				<action-key>ADD_LAYOUT</action-key>
				<action-key>ADD_LAYOUT_BRANCH</action-key>
				<action-key>ADD_LAYOUT_SET_BRANCH</action-key>
				<action-key>ASSIGN_MEMBERS</action-key>
				<action-key>ASSIGN_USER_ROLES</action-key>
				<action-key>DELETE</action-key>
				<action-key>EXPORT_IMPORT_LAYOUTS</action-key>
				<action-key>EXPORT_IMPORT_PORTLET_INFO</action-key>
				<action-key>MANAGE_ANNOUNCEMENTS</action-key>
				<action-key>MANAGE_ARCHIVED_SETUPS</action-key>
				<action-key>MANAGE_LAYOUTS</action-key>
				<action-key>MANAGE_STAGING</action-key>
				<action-key>MANAGE_SUBGROUPS</action-key>
				<action-key>MANAGE_TEAMS</action-key>
				<action-key>PERMISSIONS</action-key>
				<action-key>PREVIEW_IN_DEVICE</action-key>
				<action-key>PUBLISH_STAGING</action-key>
				<action-key>PUBLISH_TO_REMOTE</action-key>
				<action-key>UPDATE</action-key>
				<action-key>VIEW</action-key>
				<action-key>VIEW_MEMBERS</action-key>
				<action-key>VIEW_STAGING</action-key>
			</guest-unsupported>
		</permissions>
	</model-resource>
	<model-resource>
		<model-name>com.liferay.portal.model.LayoutBranch</model-name>
		<portlet-ref>
			<portlet-name>156</portlet-name>
		</portlet-ref>
		<weight>3</weight>
		<permissions>
			<supports>
				<action-key>DELETE</action-key>
				<action-key>PERMISSIONS</action-key>
				<action-key>UPDATE</action-key>
			</supports>
			<site-member-defaults />
			<guest-defaults />
			<guest-unsupported>
				<action-key>DELETE</action-key>
				<action-key>PERMISSIONS</action-key>
				<action-key>UPDATE</action-key>
			</guest-unsupported>
		</permissions>
	</model-resource>
	<model-resource>
		<model-name>com.liferay.portal.model.LayoutSetBranch</model-name>
		<portlet-ref>
			<portlet-name>156</portlet-name>
		</portlet-ref>
		<weight>4</weight>
		<permissions>
			<supports>
				<action-key>DELETE</action-key>
				<action-key>MERGE</action-key>
				<action-key>PERMISSIONS</action-key>
				<action-key>UPDATE</action-key>
			</supports>
			<site-member-defaults />
			<guest-defaults />
			<guest-unsupported>
				<action-key>DELETE</action-key>
				<action-key>MERGE</action-key>
				<action-key>PERMISSIONS</action-key>
				<action-key>UPDATE</action-key>
			</guest-unsupported>
		</permissions>
	</model-resource>
	<model-resource>
		<model-name>com.liferay.portal.model.LayoutPrototype</model-name>
		<portlet-ref>
			<portlet-name>146</portlet-name>
		</portlet-ref>
		<weight>1</weight>
		<permissions>
			<supports>
				<action-key>DELETE</action-key>
				<action-key>PERMISSIONS</action-key>
				<action-key>UPDATE</action-key>
				<action-key>VIEW</action-key>
			</supports>
			<site-member-defaults>
				<action-key>VIEW</action-key>
			</site-member-defaults>
			<guest-defaults />
			<guest-unsupported>
				<action-key>DELETE</action-key>
				<action-key>PERMISSIONS</action-key>
				<action-key>UPDATE</action-key>
			</guest-unsupported>
		</permissions>
	</model-resource>
	<model-resource>
		<model-name>com.liferay.portal.model.LayoutSetPrototype</model-name>
		<portlet-ref>
			<portlet-name>149</portlet-name>
		</portlet-ref>
		<weight>1</weight>
		<permissions>
			<supports>
				<action-key>DELETE</action-key>
				<action-key>PERMISSIONS</action-key>
				<action-key>UPDATE</action-key>
				<action-key>VIEW</action-key>
			</supports>
			<site-member-defaults>
				<action-key>VIEW</action-key>
			</site-member-defaults>
			<guest-defaults />
			<guest-unsupported>
				<action-key>DELETE</action-key>
				<action-key>PERMISSIONS</action-key>
				<action-key>UPDATE</action-key>
			</guest-unsupported>
		</permissions>
	</model-resource>
	<model-resource>
		<model-name>com.liferay.portal.model.Organization</model-name>
		<portlet-ref>
			<portlet-name>125</portlet-name>
		</portlet-ref>
		<weight>2</weight>
		<permissions>
			<supports>
				<action-key>ADD_ORGANIZATION</action-key>
				<action-key>ASSIGN_MEMBERS</action-key>
				<action-key>ASSIGN_USER_ROLES</action-key>
				<action-key>DELETE</action-key>
				<action-key>MANAGE_ANNOUNCEMENTS</action-key>
				<action-key>MANAGE_SUBORGANIZATIONS</action-key>
				<action-key>MANAGE_USERS</action-key>
				<action-key>PERMISSIONS</action-key>
				<action-key>UPDATE</action-key>
				<action-key>VIEW</action-key>
				<action-key>VIEW_MEMBERS</action-key>
			</supports>
			<site-member-defaults />
			<guest-defaults />
			<guest-unsupported>
				<action-key>ADD_ORGANIZATION</action-key>
				<action-key>ASSIGN_MEMBERS</action-key>
				<action-key>ASSIGN_USER_ROLES</action-key>
				<action-key>DELETE</action-key>
				<action-key>MANAGE_ANNOUNCEMENTS</action-key>
				<action-key>MANAGE_SUBORGANIZATIONS</action-key>
				<action-key>MANAGE_USERS</action-key>
				<action-key>PERMISSIONS</action-key>
				<action-key>UPDATE</action-key>
				<action-key>VIEW</action-key>
				<action-key>VIEW_MEMBERS</action-key>
			</guest-unsupported>
		</permissions>
	</model-resource>
	<model-resource>
		<model-name>com.liferay.portal.model.PasswordPolicy</model-name>
		<portlet-ref>
			<portlet-name>129</portlet-name>
		</portlet-ref>
		<weight>1</weight>
		<permissions>
			<supports>
				<action-key>ASSIGN_MEMBERS</action-key>
				<action-key>DELETE</action-key>
				<action-key>PERMISSIONS</action-key>
				<action-key>UPDATE</action-key>
				<action-key>VIEW</action-key>
			</supports>
			<site-member-defaults />
			<guest-defaults />
			<guest-unsupported>
				<action-key>ASSIGN_MEMBERS</action-key>
				<action-key>DELETE</action-key>
				<action-key>PERMISSIONS</action-key>
				<action-key>UPDATE</action-key>
				<action-key>VIEW</action-key>
			</guest-unsupported>
		</permissions>
	</model-resource>
	<model-resource>
		<model-name>com.liferay.portal.model.Role</model-name>
		<portlet-ref>
			<portlet-name>128</portlet-name>
		</portlet-ref>
		<weight>1</weight>
		<permissions>
			<supports>
				<action-key>ASSIGN_MEMBERS</action-key>
				<action-key>DEFINE_PERMISSIONS</action-key>
				<action-key>DELETE</action-key>
				<action-key>MANAGE_ANNOUNCEMENTS</action-key>
				<action-key>PERMISSIONS</action-key>
				<action-key>UPDATE</action-key>
				<action-key>VIEW</action-key>
			</supports>
			<site-member-defaults />
			<guest-defaults />
			<guest-unsupported>
				<action-key>ASSIGN_MEMBERS</action-key>
				<action-key>DEFINE_PERMISSIONS</action-key>
				<action-key>DELETE</action-key>
				<action-key>MANAGE_ANNOUNCEMENTS</action-key>
				<action-key>PERMISSIONS</action-key>
				<action-key>UPDATE</action-key>
				<action-key>VIEW</action-key>
			</guest-unsupported>
		</permissions>
	</model-resource>
	<model-resource>
		<model-name>com.liferay.portal.model.User</model-name>
		<portlet-ref>
			<portlet-name>125</portlet-name>
		</portlet-ref>
		<weight>1</weight>
		<permissions>
			<supports>
				<action-key>DELETE</action-key>
				<action-key>IMPERSONATE</action-key>
				<action-key>PERMISSIONS</action-key>
				<action-key>UPDATE</action-key>
				<action-key>VIEW</action-key>
			</supports>
			<site-member-defaults />
			<guest-defaults />
			<guest-unsupported>
				<action-key>DELETE</action-key>
				<action-key>IMPERSONATE</action-key>
				<action-key>PERMISSIONS</action-key>
				<action-key>UPDATE</action-key>
				<action-key>VIEW</action-key>
			</guest-unsupported>
		</permissions>
	</model-resource>
	<model-resource>
		<model-name>com.liferay.portal.model.UserGroup</model-name>
		<portlet-ref>
			<portlet-name>127</portlet-name>
		</portlet-ref>
		<weight>1</weight>
		<permissions>
			<supports>
				<action-key>ASSIGN_MEMBERS</action-key>
				<action-key>DELETE</action-key>
				<action-key>MANAGE_ANNOUNCEMENTS</action-key>
				<action-key>PERMISSIONS</action-key>
				<action-key>UPDATE</action-key>
				<action-key>VIEW</action-key>
				<action-key>VIEW_MEMBERS</action-key>
			</supports>
			<site-member-defaults />
			<guest-defaults />
			<guest-unsupported>
				<action-key>ASSIGN_MEMBERS</action-key>
				<action-key>DELETE</action-key>
				<action-key>MANAGE_ANNOUNCEMENTS</action-key>
				<action-key>PERMISSIONS</action-key>
				<action-key>UPDATE</action-key>
				<action-key>VIEW</action-key>
				<action-key>VIEW_MEMBERS</action-key>
			</guest-unsupported>
		</permissions>
	</model-resource>
</resource-action-mapping>