<?xml version="1.0"?>

<beans
	default-destroy-method="destroy"
	default-init-method="afterPropertiesSet"
	xmlns="http://www.springframework.org/schema/beans"
	xmlns:aop="http://www.springframework.org/schema/aop"
	xmlns:xsi="http://www.w3.org/2001/XMLSchema-instance"
	xsi:schemaLocation="http://www.springframework.org/schema/aop http://www.springframework.org/schema/aop/spring-aop-3.0.xsd http://www.springframework.org/schema/beans http://www.springframework.org/schema/beans/spring-beans-3.0.xsd"
>
	<bean id="com.liferay.portal.kernel.lar.PortletDataContextFactoryUtil" class="com.liferay.portal.kernel.lar.PortletDataContextFactoryUtil">
		<property name="portletDataContextFactory">
			<bean class="com.liferay.portal.lar.PortletDataContextFactoryImpl" />
		</property>
	</bean>
	<bean id="com.liferay.portal.kernel.lar.PortletDataHandlerStatusMessageSenderUtil" class="com.liferay.portal.kernel.lar.PortletDataHandlerStatusMessageSenderUtil">
		<property name="portletDataHandlerStatusMessageSender">
			<bean class="com.liferay.portal.lar.PortletDataHandlerStatusMessageSenderImpl">
				<property name="singleDestinationMessageSender">
					<bean class="com.liferay.portal.kernel.messaging.sender.DefaultSingleDestinationMessageSender">
						<property name="destinationName" value="liferay/background_task_status" />
						<property name="messageSender" ref="com.liferay.portal.kernel.messaging.sender.MessageSender" />
					</bean>
				</property>
			</bean>
		</property>
	</bean>
	<bean id="com.liferay.portal.kernel.staging.LayoutStagingUtil" class="com.liferay.portal.kernel.staging.LayoutStagingUtil">
		<property name="layoutStaging">
			<bean class="com.liferay.portal.staging.LayoutStagingImpl" />
		</property>
	</bean>
	<bean id="com.liferay.portal.kernel.staging.StagingUtil" class="com.liferay.portal.kernel.staging.StagingUtil">
		<property name="staging">
			<bean class="com.liferay.portal.staging.StagingImpl" />
		</property>
	</bean>
	<bean id="com.liferay.portal.kernel.staging.permission.StagingPermissionUtil" class="com.liferay.portal.kernel.staging.permission.StagingPermissionUtil">
		<property name="stagingPermission">
			<bean class="com.liferay.portal.staging.permission.StagingPermissionImpl" />
		</property>
	</bean>
	<bean id="com.liferay.portal.service.impl.LayoutLocalServiceStagingAdvice" class="com.liferay.portal.service.impl.LayoutLocalServiceStagingAdvice" />
	<bean id="com.liferay.portal.service.impl.LayoutSetLocalServiceStagingAdvice" class="com.liferay.portal.service.impl.LayoutSetLocalServiceStagingAdvice" />
	<aop:config proxy-target-class="false">
		<aop:advisor advice-ref="com.liferay.portal.service.impl.LayoutLocalServiceStagingAdvice" pointcut="bean(com.liferay.portal.service.LayoutLocalService)" />
		<aop:advisor advice-ref="com.liferay.portal.service.impl.LayoutSetLocalServiceStagingAdvice" pointcut="bean(com.liferay.portal.service.LayoutSetLocalService)" />
	</aop:config>
</beans>