<?xml version="1.0"?>
<!DOCTYPE routes PUBLIC "-//Liferay//DTD Friendly URL Routes 6.2.0//EN" "http://www.liferay.com/dtd/liferay-friendly-url-routes_6_2_0.dtd">

<routes>
	<route>
		<pattern>/56/{groupId:\d+}/{articleId:[^/]+}</pattern>
		<implicit-parameter name="instanceId">0000</implicit-parameter>
		<implicit-parameter name="p_p_state">maximized</implicit-parameter>
		<implicit-parameter name="struts_action">/journal_content/view</implicit-parameter>
	</route>
	<route>
		<pattern>/56/{groupId:\d+}/{articleId:[^/]+}/{ddmTemplateKey:[^/]+}</pattern>
		<implicit-parameter name="instanceId">0000</implicit-parameter>
		<implicit-parameter name="p_p_state">maximized</implicit-parameter>
		<implicit-parameter name="struts_action">/journal_content/view</implicit-parameter>
	</route>
	<route>
		<pattern>/{p_p_id}/{groupId:\d+}/{articleId:[^/]+}</pattern>
		<implicit-parameter name="struts_action">/journal_content/view</implicit-parameter>
	</route>
	<route>
		<pattern>/{p_p_id}/{groupId:\d+}/{articleId:[^/]+}/{ddmTemplateKey:[^/]+}</pattern>
		<implicit-parameter name="struts_action">/journal_content/view</implicit-parameter>
	</route>
</routes>