<?xml version="1.0"?>
<!DOCTYPE look-and-feel PUBLIC "-//Liferay//DTD Look and Feel 6.2.0//EN" "http://www.liferay.com/dtd/liferay-look-and-feel_6_2_0.dtd">

<look-and-feel>
	<compatibility>
		<version>6.2.0+</version>
	</compatibility>
	<company-limit>
		<company-includes />
		<company-excludes />
	</company-limit>
	<theme id="classic" name="Classic">
		<root-path>/html/themes/classic</root-path>
		<templates-path>${root-path}/templates</templates-path>
		<images-path>${root-path}/images</images-path>
		<template-extension>vm</template-extension>
		<settings>
			<setting configurable="true" key="bullet-style" options="dots,arrows" type="select" value="dots" />
			<setting configurable="true" key="portlet-setup-show-borders-default" type="checkbox" value="true" />
			<setting configurable="false" key="show-site-name-default" value="true" />
			<setting configurable="false" key="show-site-name-supported" value="true" />
		</settings>
		<roles>
			<role-name>User</role-name>
		</roles>
		<color-scheme id="01" name="Default">
			<default-cs>true</default-cs>
			<css-class>default</css-class>
			<color-scheme-images-path>${images-path}/color_schemes/${css-class}</color-scheme-images-path>
		</color-scheme>
		<color-scheme id="02" name="Dark">
			<css-class>dark</css-class>
		</color-scheme>
		<color-scheme id="03" name="Light">
			<css-class>light</css-class>
		</color-scheme>
	</theme>
	<theme id="control-panel" name="Control Panel">
		<root-path>/html/themes/control_panel</root-path>
		<settings>
			<setting configurable="true" key="footer-text" type="textarea" value="Powered by Liferay" />
		</settings>
	</theme>
	<theme id="mobile" name="Mobile">
		<root-path>/wap/themes/${theme-id}</root-path>
		<settings>
			<setting configurable="true" key="bullet-style" options="dots,arrows" type="select" value="dots" />
		</settings>
		<wap-theme>true</wap-theme>
	</theme>
</look-and-feel>